user,restaurant,rating
U1,Noodle House,5
U1,Sushi Garden,4
U1,Pizza Lab,2
U1,Curry Corner,4
U2,Noodle House,5
U2,Sushi Garden,5
U2,Pizza Lab,2
U2,Burger Works,3
U2,Hotpot Station,4
U3,Noodle House,2
U3,Sushi Garden,2
U3,Pizza Lab,5
U3,Burger Works,4
U3,Dumpling Room,3
U4,Noodle House,4
U4,Sushi Garden,4
U4,Curry Corner,5
U4,Hotpot Station,5
U4,Dumpling Room,4
U5,Sushi Garden,3
U5,Pizza Lab,4
U5,Burger Works,5
U5,Hotpot Station,2
U5,Dumpling Room,5
U6,Noodle House,5
U6,Curry Corner,4
U6,Burger Works,3
U6,Hotpot Station,5
U6,Dumpling Room,4
